{
    "total_runtime": 178.07990097999573,
    "num_documents": 46,
    "input_load_time": 0,
    "workflows": {
        "create_base_text_units": {
            "overall": 0.34453868865966797,
            "0_orderby": 0.001260995864868164,
            "1_zip": 0.001251220703125,
            "2_aggregate_override": 0.0021948814392089844,
            "3_chunk": 0.320667028427124,
            "4_select": 0.0015909671783447266,
            "5_unroll": 0.0019059181213378906,
            "6_rename": 0.0014181137084960938,
            "7_genid": 0.0025987625122070312,
            "8_unzip": 0.0018458366394042969,
            "9_copy": 0.0015790462493896484,
            "10_filter": 0.0071179866790771484
        },
        "create_base_extracted_entities": {
            "overall": 94.35544776916504,
            "0_entity_extract": 94.30290389060974,
            "1_snapshot": 0.014621973037719727,
            "2_merge_graphs": 0.031984806060791016,
            "3_snapshot_rows": 0.003926992416381836
        },
        "create_summarized_entities": {
            "overall": 15.184420108795166,
            "0_summarize_descriptions": 15.176194190979004,
            "1_snapshot_rows": 0.005853891372680664
        },
        "create_base_entity_graph": {
            "overall": 0.569303035736084,
            "0_cluster_graph": 0.06602907180786133,
            "1_snapshot_rows": 0.0056149959564208984,
            "2_embed_graph": 0.4852309226989746,
            "3_snapshot_rows": 0.005930185317993164,
            "4_select": 0.0037992000579833984
        },
        "create_final_entities": {
            "overall": 5.4754111766815186,
            "0_unpack_graph": 0.022798776626586914,
            "1_rename": 0.0036230087280273438,
            "2_select": 0.0035910606384277344,
            "3_dedupe": 0.005103111267089844,
            "4_rename": 0.0037670135498046875,
            "5_filter": 0.010671854019165039,
            "6_text_split": 0.005720615386962891,
            "7_drop": 0.004048824310302734,
            "8_merge": 0.024181842803955078,
            "9_text_embed": 5.3580827713012695,
            "10_drop": 0.007472991943359375,
            "11_filter": 0.02294778823852539
        },
        "create_final_nodes": {
            "overall": 3.0913290977478027,
            "0_layout_graph": 2.960813045501709,
            "1_unpack_graph": 0.02585601806640625,
            "2_unpack_graph": 0.025201797485351562,
            "3_filter": 0.015420198440551758,
            "4_drop": 0.005491971969604492,
            "5_select": 0.0052187442779541016,
            "6_snapshot": 0.006804943084716797,
            "7_rename": 0.005254030227661133,
            "8_join": 0.009740114212036133,
            "9_convert": 0.020097017288208008,
            "10_rename": 0.00585484504699707
        },
        "create_final_communities": {
            "overall": 0.18724489212036133,
            "0_unpack_graph": 0.026422977447509766,
            "1_unpack_graph": 0.024825096130371094,
            "2_aggregate_override": 0.009940862655639648,
            "3_join": 0.009264230728149414,
            "4_join": 0.009341001510620117,
            "5_concat": 0.006548881530761719,
            "6_filter": 0.029634952545166016,
            "7_aggregate_override": 0.009422063827514648,
            "8_join": 0.008512020111083984,
            "9_filter": 0.015624046325683594,
            "10_fill": 0.0069980621337890625,
            "11_merge": 0.009824037551879883,
            "12_copy": 0.0072879791259765625,
            "13_select": 0.007582902908325195
        },
        "join_text_units_to_entity_ids": {
            "overall": 0.03203392028808594,
            "0_select": 0.007842779159545898,
            "1_unroll": 0.008230924606323242,
            "2_aggregate_override": 0.00878596305847168
        },
        "create_final_relationships": {
            "overall": 0.1559920310974121,
            "0_unpack_graph": 0.036383867263793945,
            "1_filter": 0.020589113235473633,
            "2_rename": 0.008574962615966797,
            "3_filter": 0.024821043014526367,
            "4_drop": 0.01477503776550293,
            "5_compute_edge_combined_degree": 0.01321101188659668,
            "6_convert": 0.019979000091552734,
            "7_convert": 0.009928226470947266
        },
        "join_text_units_to_relationship_ids": {
            "overall": 0.04996895790100098,
            "0_select": 0.009763956069946289,
            "1_unroll": 0.01041102409362793,
            "2_aggregate_override": 0.011441230773925781,
            "3_select": 0.00921177864074707
        },
        "create_final_community_reports": {
            "overall": 56.299612283706665,
            "0_prepare_community_reports_nodes": 0.013517141342163086,
            "1_prepare_community_reports_edges": 0.011365890502929688,
            "2_restore_community_hierarchy": 0.01186990737915039,
            "3_prepare_community_reports": 0.06604290008544922,
            "4_create_community_reports": 56.1744110584259,
            "5_window": 0.013093948364257812
        },
        "create_final_text_units": {
            "overall": 0.0761728286743164,
            "0_select": 0.010249137878417969,
            "1_rename": 0.009829044342041016,
            "2_join": 0.01178121566772461,
            "3_join": 0.011523008346557617,
            "4_aggregate_override": 0.012295961380004883,
            "5_select": 0.01009821891784668
        },
        "create_base_documents": {
            "overall": 0.1250760555267334,
            "0_unroll": 0.011276960372924805,
            "1_select": 0.010460853576660156,
            "2_rename": 0.010511159896850586,
            "3_join": 0.012089252471923828,
            "4_aggregate_override": 0.01111292839050293,
            "5_join": 0.013982057571411133,
            "6_rename": 0.010858297348022461,
            "7_convert": 0.03456687927246094
        },
        "create_final_documents": {
            "overall": 0.02234816551208496,
            "0_rename": 0.011408090591430664
        }
    }
}